<?xml version="1.0" encoding="UTF-8" ?>
<!DOCTYPE mapper
  PUBLIC "-//mybatis.org//DTD Mapper 3.0//EN"
  "http://mybatis.org/dtd/mybatis-3-mapper.dtd">

<!-- 注意：namespace中的值必须是对应接口的全路径，SQL语句中的id值必须是这个接口中对应方法名称 -->
<mapper namespace="com.yjj.fresh.mapper.ICartInfoMapper">
	
	<select id="findCartNum" parameterType="int" resultType="int">
		select count(cno) as num from cartinfo where mno=#{_parameter}
	</select>
	
	<insert id="addCart" parameterType="CartInfo">
		insert into cartinfo values(0,#{mno},#{gno},#{num}) on duplicate key update num=num+#{num} 
	</insert>
	
	
	<select id="finds" resultType="GoodsInfo" parameterType="int">
		select g.gno,gname,pics,price,unit,weight,num,cno from goodsinfo g,cartinfo c where g.gno=c.gno
		 and mno=#{_parameter}
	</select>
	
	<delete id="delete" parameterType="string">
		delete from cartinfo where cno=#{_parameter}
	</delete>
	
	<update id="update" parameterType="CartInfo">
		update cartinfo set num=#{num} where cno=#{cno}
	</update>
</mapper>